이름,리더,비고,상태,이메일,입사일,직무,프로필 사진
안성빈,No,,재직,bin9825aaa@gmail.com,2025년 12월 4일,프로그래밍,%ED%8C%80%EC%9B%90%20%EC%86%8C%EA%B0%9C/charaillust_r1003100301.png
한승규,No,"아리스, 빡통아닙니다.",재직,jk99333@gmail.com,2025년 12월 4일,프로그래밍,"%ED%8C%80%EC%9B%90%20%EC%86%8C%EA%B0%9C/viewimage.png, %ED%8C%80%EC%9B%90%20%EC%86%8C%EA%B0%9C/1763300410(1).png"
이창진,Yes,,재직,ckdwls525@gmail.com,2025년 12월 4일,프로그래밍,%ED%8C%80%EC%9B%90%20%EC%86%8C%EA%B0%9C/NIKKE-DB_c191_fb_235.png
조강,No,,재직,g0508j@gmail.com,2025년 12월 4일,프로그래밍,%ED%8C%80%EC%9B%90%20%EC%86%8C%EA%B0%9C/elisia.webp
양윤수,Yes,,재직,yoonsubam@naver.com,2025년 12월 23일,아트,%ED%8C%80%EC%9B%90%20%EC%86%8C%EA%B0%9C/KakaoTalk_20251224_013151488.webp
이권우,No,,재직,tbdkvhs@naver.com,2026년 1월 16일,아트,%ED%8C%80%EC%9B%90%20%EC%86%8C%EA%B0%9C/icon_9.gif
문상진,Yes,"개인 번호: 010-8797-9727
급한 연락은 전화,카톡, 디코 모두 상관없어요
하는게임: 이리, 젠존제, 메이플, 스타레일, 명조, 트릭컬, 로소, 섀버2, 카제나, 스세, 니케, 스소, 니벨
",재직,perfectpeter28@gmail.com,2026년 1월 16일,기획,%ED%8C%80%EC%9B%90%20%EC%86%8C%EA%B0%9C/bfd794c9833b0a269276d12597232bd65eebfdbbdc87a759350c337e46cba372_(1).webp
이상민,No,,재직,ef5pro@naver.com,2026년 1월 16일,기획,%ED%8C%80%EC%9B%90%20%EC%86%8C%EA%B0%9C/image_(2).png