backend,op,n,medianMs,stdDevMs,minMs,maxMs,allocCount,allocBytes,peakLiveBytes,workingSetBytes
ecs,add,100,0.006600,0.000739,0.006400,0.008800,114,39115,14891,4968448
ecs,step,100,0.000130,0.000003,0.000130,0.000140,NA,NA,NA,4968448
ecs,random,100,0.059200,0.000093,0.059100,0.059400,NA,NA,NA,4968448
ecs,remove,100,0.000200,0.000087,0.000100,0.000400,NA,NA,NA,4968448
oop,add,100,0.018000,0.002622,0.017700,0.025800,817,32815,26991,5009408
oop,step,100,0.000420,0.000010,0.000400,0.000430,NA,NA,NA,5009408
oop,random,100,0.263800,0.003298,0.261000,0.271700,NA,NA,NA,5009408
oop,remove,100,0.002100,0.000053,0.002000,0.002100,NA,NA,NA,5009408
ecs,add (fragmented),100,0.006700,0.000786,0.006400,0.008900,114,39115,14891,4976640
ecs,step (fragmented),100,0.000130,0.000004,0.000130,0.000140,NA,NA,NA,4976640
ecs,random (fragmented),100,0.059300,0.005993,0.059200,0.074100,NA,NA,NA,4976640
ecs,remove (fragmented),100,0.000200,0.000130,0.000200,0.000600,NA,NA,NA,4976640
oop,add (fragmented),100,0.017900,0.000303,0.017600,0.018400,817,32815,26991,5001216
oop,step (fragmented),100,0.000420,0.000037,0.000310,0.000420,NA,NA,NA,5001216
oop,random (fragmented),100,0.262700,0.002167,0.261300,0.267700,NA,NA,NA,5001216
oop,remove (fragmented),100,0.001900,0.000100,0.001800,0.002100,NA,NA,NA,5001216
ecs,add,500,0.035100,0.005405,0.025300,0.039300,150,197009,75126,5083136
ecs,step,500,0.000600,0.000026,0.000570,0.000650,NA,NA,NA,5083136
ecs,random,500,0.059200,0.000097,0.059100,0.059400,NA,NA,NA,5083136
ecs,remove,500,0.001000,0.000000,0.001000,0.001000,NA,NA,NA,5083136
oop,add,500,0.111400,0.004471,0.103600,0.118900,4021,126550,101990,5169152
oop,step,500,0.002100,0.000124,0.001800,0.002130,NA,NA,NA,5169152
oop,random,500,0.498200,0.003795,0.493200,0.505700,NA,NA,NA,5169152
oop,remove,500,0.012100,0.000279,0.011700,0.012400,NA,NA,NA,5169152
ecs,add (fragmented),500,0.032600,0.003155,0.029000,0.039000,150,197009,75126,5136384
ecs,step (fragmented),500,0.000590,0.000019,0.000580,0.000640,NA,NA,NA,5136384
ecs,random (fragmented),500,0.059200,0.000222,0.059200,0.059800,NA,NA,NA,5136384
ecs,remove (fragmented),500,0.001000,0.000044,0.001000,0.001100,NA,NA,NA,5136384
oop,add (fragmented),500,0.111300,0.004542,0.104700,0.116500,4021,126550,101990,5173248
oop,step (fragmented),500,0.002110,0.000100,0.001890,0.002120,NA,NA,NA,5173248
oop,random (fragmented),500,0.479200,0.008852,0.463600,0.492100,NA,NA,NA,5173248
oop,remove (fragmented),500,0.011400,0.000268,0.011200,0.012000,NA,NA,NA,5173248
ecs,add,1000,0.052900,0.003670,0.049700,0.060600,159,295432,112581,5152768
ecs,step,1000,0.001200,0.000026,0.001170,0.001240,NA,NA,NA,5152768
ecs,random,1000,0.060400,0.000122,0.060300,0.060700,NA,NA,NA,5152768
ecs,remove,1000,0.002500,0.000050,0.002400,0.002500,NA,NA,NA,5152768
oop,add,1000,0.224700,0.005939,0.211500,0.228900,8023,251540,201022,5341184
oop,step,1000,0.004060,0.000268,0.003540,0.004410,NA,NA,NA,5341184
oop,random,1000,0.496800,0.006583,0.489900,0.513800,NA,NA,NA,5341184
oop,remove,1000,0.023500,0.000370,0.023000,0.024100,NA,NA,NA,5341184
ecs,add (fragmented),1000,0.048300,0.001772,0.046200,0.051700,159,295432,112581,5251072
ecs,step (fragmented),1000,0.001210,0.000025,0.001190,0.001260,NA,NA,NA,5251072
ecs,random (fragmented),1000,0.061500,0.000517,0.060900,0.062600,NA,NA,NA,5251072
ecs,remove (fragmented),1000,0.002700,0.000033,0.002700,0.002800,NA,NA,NA,5251072
oop,add (fragmented),1000,0.222200,0.006558,0.214600,0.231700,8023,251540,201022,5455872
oop,step (fragmented),1000,0.003970,0.000213,0.003730,0.004260,NA,NA,NA,5455872
oop,random (fragmented),1000,0.481200,0.004170,0.473800,0.487400,NA,NA,NA,5455872
oop,remove (fragmented),1000,0.022900,0.000461,0.022300,0.023700,NA,NA,NA,5455872
ecs,add,5000,0.233000,0.038348,0.220400,0.345800,195,1491824,568686,5935104
ecs,step,5000,0.005710,0.000348,0.005590,0.006630,NA,NA,NA,5935104
ecs,random,5000,0.081400,0.004426,0.081100,0.094800,NA,NA,NA,5935104
ecs,remove,5000,0.015300,0.000972,0.015100,0.018200,NA,NA,NA,5935104
oop,add,5000,1.128200,0.019879,1.114000,1.175900,40030,1385101,1054342,6905856
oop,step,5000,0.018230,0.000551,0.017540,0.019160,NA,NA,NA,6905856
oop,random,5000,0.748300,0.009288,0.742800,0.769000,NA,NA,NA,6905856
oop,remove,5000,0.139600,0.003152,0.137100,0.146800,NA,NA,NA,6905856
ecs,add (fragmented),5000,0.223000,0.007670,0.216700,0.243700,195,1491824,568686,5976064
ecs,step (fragmented),5000,0.005670,0.000166,0.005630,0.006160,NA,NA,NA,5976064
ecs,random (fragmented),5000,0.077000,0.000353,0.076700,0.077600,NA,NA,NA,5976064
ecs,remove (fragmented),5000,0.017100,0.000180,0.016800,0.017300,NA,NA,NA,5976064
oop,add (fragmented),5000,1.129900,0.034210,1.094300,1.186400,40030,1385101,1054342,6918144
oop,step (fragmented),5000,0.019530,0.000393,0.019240,0.020270,NA,NA,NA,6918144
oop,random (fragmented),5000,0.685500,0.006808,0.676500,0.698600,NA,NA,NA,6918144
oop,remove (fragmented),5000,0.150000,0.008379,0.146400,0.174200,NA,NA,NA,6918144
ecs,add,10000,0.541100,0.018435,0.504600,0.571200,213,3353686,1278926,7016448
ecs,step,10000,0.011520,0.000305,0.011430,0.012410,NA,NA,NA,7016448
ecs,random,10000,0.088200,0.000199,0.087700,0.088300,NA,NA,NA,7016448
ecs,remove,10000,0.035000,0.045065,0.031600,0.169900,NA,NA,NA,7016448
oop,add,10000,2.241300,0.184044,2.144500,2.724700,80033,2809202,2119358,8630272
oop,step,10000,0.051190,0.003202,0.047370,0.058060,NA,NA,NA,8630272
oop,random,10000,1.240200,0.044594,1.211600,1.342300,NA,NA,NA,8630272
oop,remove,10000,0.349900,0.044678,0.345300,0.484400,NA,NA,NA,8630272
ecs,add (fragmented),10000,0.529500,0.047702,0.477800,0.620700,213,3353686,1278926,6930432
ecs,step (fragmented),10000,0.011440,0.000182,0.011280,0.011910,NA,NA,NA,6930432
ecs,random (fragmented),10000,0.081400,0.003152,0.081300,0.090900,NA,NA,NA,6930432
ecs,remove (fragmented),10000,0.035000,0.001365,0.034600,0.039000,NA,NA,NA,6930432
oop,add (fragmented),10000,2.262200,0.231409,2.195800,2.901800,80033,2809202,2119358,8548352
oop,step (fragmented),10000,0.054510,0.002335,0.052640,0.060280,NA,NA,NA,8548352
oop,random (fragmented),10000,1.144600,0.041247,1.135200,1.267700,NA,NA,NA,8548352
oop,remove (fragmented),10000,0.369100,0.013018,0.353700,0.389500,NA,NA,NA,8548352
ecs,add,50000,2.554000,0.179704,2.148500,2.658300,249,16964558,6472830,12632064
ecs,step,50000,0.073780,0.003566,0.070450,0.082580,NA,NA,NA,12632064
ecs,random,50000,0.151900,0.015510,0.149700,0.192400,NA,NA,NA,12632064
ecs,remove,50000,0.263900,0.016746,0.259800,0.303400,NA,NA,NA,12632064
oop,add,50000,12.201500,0.407337,11.751800,12.820200,400039,13565732,10340262,20463616
oop,step,50000,0.305230,0.021146,0.290520,0.347080,NA,NA,NA,20463616
oop,random,50000,2.059500,0.536771,1.968400,3.487600,NA,NA,NA,20463616
oop,remove,50000,2.574200,0.291492,2.436100,3.295700,NA,NA,NA,20463616
ecs,add (fragmented),50000,2.307500,0.481791,1.395000,2.598100,249,16964558,6472830,12595200
ecs,step (fragmented),50000,0.069610,0.001617,0.068800,0.073020,NA,NA,NA,12595200
ecs,random (fragmented),50000,0.134400,0.003088,0.130300,0.140400,NA,NA,NA,12595200
ecs,remove (fragmented),50000,0.308300,0.002520,0.306600,0.312700,NA,NA,NA,12595200
oop,add (fragmented),50000,12.557100,0.630021,10.924200,13.073900,400039,13565732,10340262,20381696
oop,step (fragmented),50000,0.564150,0.033345,0.527820,0.621940,NA,NA,NA,20381696
oop,random (fragmented),50000,2.167600,0.441288,1.659800,2.892400,NA,NA,NA,20381696
oop,remove (fragmented),50000,2.619400,0.459376,2.374000,3.823000,NA,NA,NA,20381696
