프로젝트,담당자,목표 날짜,분류,상세 정보,상태,우선순위,이메일,작성자,재현 방법,티켓 유형
test,,,,,진행 중,,,,,
test1,,,,,완료,,,,,
게임창 최소화 이슈,이창진,,치명적,,최종컨펌,,,,,버그
패링 소리가 안 들립니다,안성빈,,연출,가드 소리는 들리는데 패링 소리는 안 들리네요. 확인 부탁드립니다.,반려,,,,,버그
"평타 A,C의 판정 문제",승규,,치명적,,최종컨펌,,,,,개선
가드 애니메이션 속도가 너무 김,,,연출,"Idle -> 가드 -> Idle 딜레이가 너무 길고 가드 애니메이션 속도가 너무 김. 
즉발기처럼 애니메이션이 바로 착 붙어야함.
가드 진입하는 단계의 애니메이션 속도가 지금보다 훨씬 빨라야함.
또한 가드에서 Idle 복귀하는 애니메이션 속도도 훨씬 빨라야함.",최종컨펌,,,,,개선
락온 카메라 위치 조정,이창진,,연출,현재 카메라가 너무 위에 있어서 티아/보스가 다 이쁘게 안 잡힘. 정확한 카메라 위치를 기획팀과 직접 조정해서 맞춰야함.,최종컨펌,,,이상민,,개선
"보스 옆,뒤 견제 공격의 판정 문제",승규,,치명적,"플레이어 기준 보스의 왼쪽, 보스 기준 오른쪽으로 플레이어가 붙을 경우
보스가 옆, 뒤 견제 공격을 하는데 이 때 타격 판정이 지나치게 빨리 생김
즉발기처럼 가드/패링이 불가능할 정도로 보스가 빨리 때림.
이 부분의 판정 자체를 없애고 휘두를 때 전방위 판정을 주는 게 나아보임.",최종컨펌,,,,,개선
그로기 애니메이션 수정,승규,,치명적,"현재 그로기 애니메이션 출력시 Groggy Attacked 부분의 뒷부분만 나옴.
보스에게 그로기 어택 사용시, 뒤로 넘어지는 애니메이션부터 출력됨.",최종컨펌,,,,,버그
카메라 줌인 줌아웃 한계 정하기,이창진,,연출,"현재 카메라 줌인, 줌아웃이 너무 많이 되어 한계점을 정하는 것이 필요함.
구체적인 한계점은 락온 카메라 조정 시 함께 조정하는 것이 좋아보임.",최종컨펌,,,이상민,,개선
보스 평타 사운드 싱크 안 맞음,안성빈,,연출,"보스의 평타 사운드가 너무 빨리 나옴.
칼이 휘둘러질 때 평타가 나와야하는데, 지금은 휘두를 준비 단계에서 이미 소리가 출력됨.",진행 중,,,이상민,,개선
"플레이어, 보스 걷기 시 흔들림 문제",승규,,치명적,"플레이어, 보스가 걸을 때 엄청나게 흔들리는 문제.
플레이어가 멀미날 정도로 앞뒤좌우로 빠르게 흔들림.
보스도 걷기를 유도하면 같은 현상 발생.",최종컨펌,,,이상민,,버그
가드 시 패링 튕겨내기 모션이 출력되는 문제,승규,,연출,"패링이 없어도 가드 시 패링으로 칼을 쳐내는 모션이 나옵니다.
가드를 꾹 누르고 있으면 상시출력됩니다.
보스의 공격 유무와 상관없이 가드 → 튕기기로 연결됩니다.",최종컨펌,,,이상민,,버그
보스 앞에서 가드 누르고 있으면 발차기만 하는 문제,승규,,치명적,"보스 앞에서 가드만 누르고 있으면 보스가 발차기 패턴만 사용함.
또한 근접했을 때 발차기 패턴의 속도가 너무 느려서 크게 위협적이지 않음.

가드 시 캐릭터가 밀리지 않아서 생기는 문제 해결 필요
발차기 패턴의 발 들어올리기 동작 프레임 가속 필요",최종컨펌,,,,,개선
웨폰브레이크 상태일때여도 날이 붙어있는 모습,승규,,연출,,최종컨펌,,,강진 조,우클릭으로 보스의 공격을 가드하여 무기의 게이지를 모두 소모 후 웨폰 브레이크 상태로 진입,버그
Parry → Move 에서의 애니메이션 딜레이,승규,,조작,,최종컨펌,,,강진 조," 짧게 우클릭하여 Parry 상태로 진입 후 이동하여 Move 상태로 진입",버그
Boss의 그로기 상태 Interact 무한 적용 가능,승규,,조작,,최종컨펌,,,강진 조,보스의 게이지를 모두 채워 그로기 상태로 진입 → 좌클릭으로 Interact → 보스가 넘어지고 일어나는 애니메이션에서 좌클릭 → 다시 Interact 적용 빈벅,
카메라 조작 키 레거시 코드,,,연출,,최종컨펌,,,강진 조,"1,2,3,4,5,6,번키, b,,L키 입력",
플레이어 2타 데미지 미적용,승규,,조작,,최종컨펌,,,강진 조,마우스 좌클릭으로 1타 이후에 다시 한번 좌클릭으로 2타 발동,
"보스가 오른쪽으로 걸을 때, 왼쪽으로 걷는 모션이 재생되는걸 알고 계셨나요?",승규,,연출,,최종컨펌,,,승규,,
마우스 우클릭으로 가드 한번하고 움직이면 아이들 애니메이션으로 움직임,,,,,최종컨펌,,,이창진,,
그림자가 덜걱거립니다,이창진,,,,취소,P2,,이창진,,버그
전체화면문제,이창진,,,,최종컨펌,,,이창진,,버그
플레이어 텍스쳐에 그림자가 지면서 깜빡이는 문제,이창진,,연출,,취소,,,상진 문,,버그
연속 가드 시 idle 상태로 고정되는 문제,승규,,치명적,버그 발생 버젼: 02/08 Alt TAb PreLoad,최종컨펌,P1 🔥,,상진 문,가만히 서있는 상태로 가드 연타 시 버그 발생,버그
차징 후 가드로 바로 이동 가능,승규,,조작,02/09 전투 프로토타입 버젼 기준 (,최종컨펌,P2,,상진 문,차징하다가 가드 누르면 곧바로 나감,개선
그림자 렌더링 딜레이 및 품질이슈,,,,,취소,,,강진 조,,
로딩화면 배치 수정,이창진,,연출,,최종컨펌,,,이상민,,개선
광폭화 모드시 보스 공격 애니메이션 속도,승규,,연출,,최종컨펌,P3,,이창진,,개선
보스 망가지는 문제,승규,,,,최종컨펌,P1 🔥,,상진 문,보스랑 딱붙어서 밀기,
평타 안 맞는 문제 - 기획 히트박스 조정 필요,"이상민, 상진 문",,,히트박스가 예상보다 좁아 보스 공격이 자주 빗나감. 박스 형태로 대폭 히트박스 키울 예정.,최종컨펌,,,이상민,,
ui 빌드 누락 사항,안성빈,,씬전환,,진행 중,,,상진 문,,개선
포효 중 가드 시 덜컥거리는 문제,승규,,연출,,최종컨펌,P2,,상진 문,포효 중 가드 시 자동발생,버그
차지 모션 중 문제,"승규, 이창진",,,,최종컨펌,,,상진 문,차지 공격 이전에 잠깐 무기를 내려놓는 부자연스러운 동작 발생,버그
가드 모션 중 문제,승규,,연출,가드 시 살짝 버벅이는 애니메이션 재생.,최종컨펌,,,상진 문,가드 클릭,버그
광폭화 상태에서 공격키를 꾹 눌렀을때 사운드가 나지 않음,안성빈,,,,진행 중,,,상진 문,"광폭화 상태에서 마우스 좌클릭 꾹 누를 때 1타만 사운드가 나독 2,3타는 나지 않음 ",
광폭화 때 베는 사운드,이상민,,연출,,최종컨펌,,,상진 문,,개선
화면 확대 문제,,,,,최종컨펌,,,,너무 과도하게 확대되어서 얼굴 안으로 카메라가 들어감,
카메라 조작이 클릭 이후에 가능한 문제,,,,,최종컨펌,,,이상민,,개선
기본 평타 동작의 콤보가 늦게 들어가는 문제,,,조작,,취소,,,이상민,,개선
사운드 수정 필요하면 적어주세요,"이상민, 안성빈",,,,진행 전,,,"이상민, 상진 문",,
우클릭 연타하면 애니메이션 Idle되는 문제,,,조작,,최종컨펌,,,이상민,,버그
포효하면 락온이 풀리는 문제,,,,,최종컨펌,,,이상민,,버그
게임 시작 후 첫 패링에 프리징되는 버그,,,,,최종컨펌,,,이상민,,
광폭화 이후의 차지공격 공속 증가,,,,,최종컨펌,,,이상민,,
패드 조작 시 줌 인/아웃 뭐로함?,승규,,연출,,최종컨펌,,,승규,,개선
상당히 이상한 버그 UI,안성빈,,,,진행 전,,,이창진,,
회복 버튼 누르면 즉시 회복되는 수치 증가,,,조작,,최종컨펌,,,이상민,,개선
UI 설정창 해상도 짤림,안성빈,,연출,,진행 중,,,이상민,,버그
조작법 UI에서 모든 조작법 설명 이미지에 버튼 UI 효과가 들어간 거 수정,안성빈,,,,진행 중,,,이상민,,개선
가드에 패링모션이 짧은 프레임으로 들어가있음,,,,,취소,,,이상민,,버그
그로기 어택 이후 차지공격 캔슬되는 버그,,,,,취소,,,이상민,그로기 어택을 한 이후 보스가 차지공격을 했을때 해당 공격이 캔슬됨,버그
평타 3타의 하단 히트박스 추가 필요,"이상민, 상진 문, 승규",,,,취소,,,이상민,,개선
"옆, 뒤 견제 공격의 히트박스 타이밍 수정 제안","이상민, 상진 문, 승규",,,,취소,,,이상민,,개선
보스 차지 공격 준비단계에서 데미지가 들어가는 버그,승규,,,,취소,,,이상민,,
플레이어 피격 사운드 출력 안 됨,안성빈,,연출,,진행 중,,,이상민,,버그
"평타를 가드캔슬할 경우, 다음 평타 사운드가 출력되지 않음",안성빈,,,,진행 전,,,이상민,,
진동 세기 수정 리스트,"이상민, 상진 문",,연출,,최종컨펌,,,이상민,,개선
그로기 어택 연출 강화,이창진,,연출,,진행 중,,,이상민,,개선
더블 어택 문제,승규,,,,취소,,,상진 문,,
돌진 구라,"상진 문, 승규",,,,반려,,,상진 문,,
F1 누르면 시간이동하는 문제,상진 문,,,,진행 전,,,승규,,
회피 선딜 혹은 후딜에서 피격시 보스를 바라보고 구르는 현상,승규,,,,진행 전,,,이상민,,버그
발차기가 너무 빠른 문제,승규,,조작,,진행 중,,,이상민,,개선
벽에 보스가 끼는 경우,승규,,,,진행 중,,,이상민,,버그
타이틀 UI 버그,안성빈,,,,진행 전,,,상진 문,,
입구 근처 문과 창문에서 조명이 갑자기 강해지는 문제,,,,,진행 전,,,이상민,,버그
"게임이 끝나고 보스 시체가 남아있는 버그
",승규,,,,진행 전,,,상진 문,,
누락된 사운드 ← 넣어주세요,안성빈,,연출,,진행 전,,,이상민,,개선
특정 사운드만 볼륨이 작은 버그,안성빈,,연출,,진행 전,,,이상민,,버그